{"cameraMode":{"drawMode":2,"name":"Shaded Wireframe","section":"Shading Mode"},"sceneLighting":true,"audioPlay":false,"sceneViewState":{"showFog":true,"showMaterialUpdate":false,"showSkybox":true,"showFlares":true,"showImageEffects":true,"showParticleSystems":true},"in2DMode":false,"pivot":{"x":-1.0220261812210084,"y":4.390793800354004,"z":9.919715881347657},"rotation":{"x":-0.037966370582580569,"y":0.9473471641540527,"z":-0.29336997866630556,"w":-0.12260010093450546},"size":1.3879458904266358,"orthographic":false}